instance,schematic_path,cell,x_units,y_units
xd1<0>,xd1<0>,REYATR_CAPX1,-80,0
xd1<1>,xd1<1>,REYATR_CAPX1,4520,0
xd1<2>,xd1<2>,REYATR_CAPX1,9120,0
xd1<3>,xd1<3>,REYATR_CAPX1,13720,0
xd1<4>,xd1<4>,REYATR_CAPX1,18320,0
xd1<5>,xd1<5>,REYATR_CAPX1,22920,0
xd1<6>,xd1<6>,REYATR_CAPX1,27520,0
xd1<7>,xd1<7>,REYATR_CAPX1,32120,0
xd1<8>,xd1<8>,REYATR_CAPX1,36720,0
xd1<9>,xd1<9>,REYATR_CAPX1,41320,0
xd2<0>,xd2<0>,REYATR_CAPX1,45920,0
xd2<1>,xd2<1>,REYATR_CAPX1,50520,0
xd2<2>,xd2<2>,REYATR_CAPX1,55120,0
xad6__xbl1<0>,xad6/xbl1<0>,REYATR_LVT_PCH_11C5F0,184,4728
xad6__xbl1<1>,xad6/xbl1<1>,REYATR_LVT_PCH_11C5F0,4784,4728
xad6__xbl1<2>,xad6/xbl1<2>,REYATR_LVT_PCH_11C5F0,9384,4728
xad6__xbl1<3>,xad6/xbl1<3>,REYATR_LVT_PCH_11C5F0,13984,4728
xad6__xbl2<0>,xad6/xbl2<0>,REYATR_LVT_PCH_11C5F0,18584,4728
xad6__xbl2<1>,xad6/xbl2<1>,REYATR_LVT_PCH_11C5F0,23184,4728
xad6__xbl2<2>,xad6/xbl2<2>,REYATR_LVT_PCH_11C5F0,27784,4728
xad6__xbl2<3>,xad6/xbl2<3>,REYATR_LVT_PCH_11C5F0,32384,4728
xad6__xbl4,xad6/xbl4,REYATR_LVT_PCH_11C5F0,36984,4728
xad6__xbl5,xad6/xbl5,REYATR_LVT_PCH_11C5F0,41584,4728
xad6__xfill_p_in_a_0,xad6/xfill_p_in_a_0,REYATR_LVT_PCH_11C5F0,46184,4728
xad6__xfill_p_in_b_0,xad6/xfill_p_in_b_0,REYATR_LVT_PCH_11C5F0,50784,4728
xad6__xfill_n_mirr_0,xad6/xfill_n_mirr_0,REYATR_NCH_4C5F0,184,9328
xad6__xnc0,xad6/xnc0,REYATR_NCH_4C5F0,4784,9328
xad6__xnc1<0>,xad6/xnc1<0>,REYATR_NCH_4C5F0,9384,9328
xad6__xnc1<1>,xad6/xnc1<1>,REYATR_NCH_4C5F0,13984,9328
xad6__xnc1<2>,xad6/xnc1<2>,REYATR_NCH_4C5F0,18584,9328
xad6__xnd1<0>,xad6/xnd1<0>,REYATR_NCH_4C5F0,23184,9328
xad6__xnd1<1>,xad6/xnd1<1>,REYATR_NCH_4C5F0,27784,9328
xad6__xnd1<2>,xad6/xnd1<2>,REYATR_NCH_4C5F0,32384,9328
xad6__xnd1<3>,xad6/xnd1<3>,REYATR_NCH_4C5F0,36984,9328
xad6__xnd2<0>,xad6/xnd2<0>,REYATR_NCH_4C5F0,41584,9328
xad6__xnd2<1>,xad6/xnd2<1>,REYATR_NCH_4C5F0,46184,9328
xad6__xnd2<2>,xad6/xnd2<2>,REYATR_NCH_4C5F0,50784,9328
xad6__xnd2<3>,xad6/xnd2<3>,REYATR_NCH_4C5F0,55384,9328
xad6__xnd3,xad6/xnd3,REYATR_NCH_4C5F0,184,13928
xad6__xnd4,xad6/xnd4,REYATR_NCH_4C5F0,4784,13928
xad6__xns1,xad6/xns1,REYATR_NCH_4C5F0,9384,13928
xad6__xns2,xad6/xns2,REYATR_NCH_4C5F0,13984,13928
xad6__xns4,xad6/xns4,REYATR_NCH_4C5F0,18584,13928
xg1,xg1,REYATR_NCH_4C5F0,23184,13928
xad6__xba1,xad6/xba1,REYATR_PCH_11C5F0,184,18528
xad6__xba2,xad6/xba2,REYATR_PCH_11C5F0,4784,18528
xad6__xba3,xad6/xba3,REYATR_PCH_11C5F0,9384,18528
xad6__xba6,xad6/xba6,REYATR_PCH_11C5F0,13984,18528
xad6__xba7,xad6/xba7,REYATR_PCH_11C5F0,18584,18528
xad6__xba8,xad6/xba8,REYATR_PCH_11C5F0,23184,18528
xfill_p_su<0>,xfill_p_su<0>,REYATR_PCH_2C5F0,184,23128
xfill_p_su<10>,xfill_p_su<10>,REYATR_PCH_2C5F0,4784,23128
xfill_p_su<1>,xfill_p_su<1>,REYATR_PCH_2C5F0,9384,23128
xfill_p_su<2>,xfill_p_su<2>,REYATR_PCH_2C5F0,13984,23128
xfill_p_su<3>,xfill_p_su<3>,REYATR_PCH_2C5F0,18584,23128
xfill_p_su<4>,xfill_p_su<4>,REYATR_PCH_2C5F0,23184,23128
xfill_p_su<5>,xfill_p_su<5>,REYATR_PCH_2C5F0,27784,23128
xfill_p_su<6>,xfill_p_su<6>,REYATR_PCH_2C5F0,32384,23128
xfill_p_su<7>,xfill_p_su<7>,REYATR_PCH_2C5F0,36984,23128
xfill_p_su<8>,xfill_p_su<8>,REYATR_PCH_2C5F0,41584,23128
xfill_p_su<9>,xfill_p_su<9>,REYATR_PCH_2C5F0,46184,23128
xsu1,xsu1,REYATR_PCH_2C5F0,50784,23128
xsu2,xsu2,REYATR_PCH_2C5F0,55384,23128
xad6__xbs1,xad6/xbs1,REYATR_PCH_4C1F2,184,27728
xad6__xbs2,xad6/xbs2,REYATR_PCH_4C1F2,4784,27728
xad6__xbs4,xad6/xbs4,REYATR_PCH_4C1F2,9384,27728
xad6__xbs6,xad6/xbs6,REYATR_PCH_4C1F2,13984,27728
xad6__xbs7,xad6/xbs7,REYATR_PCH_4C1F2,18584,27728
xad6__xbs8,xad6/xbs8,REYATR_PCH_4C1F2,23184,27728
xca2<0>,xca2<0>,REYATR_PCH_4C1F2,27784,27728
xca2<1>,xca2<1>,REYATR_PCH_4C1F2,32384,27728
xca2<2>,xca2<2>,REYATR_PCH_4C1F2,36984,27728
xca2<3>,xca2<3>,REYATR_PCH_4C1F2,41584,27728
xca4,xca4,REYATR_PCH_4C1F2,46184,27728
xca5<0>,xca5<0>,REYATR_PCH_4C1F2,50784,27728
xca5<1>,xca5<1>,REYATR_PCH_4C1F2,55384,27728
xca5<2>,xca5<2>,REYATR_PCH_4C1F2,184,32328
xca5<3>,xca5<3>,REYATR_PCH_4C1F2,4784,32328
xca5<4>,xca5<4>,REYATR_PCH_4C1F2,9384,32328
xca5<5>,xca5<5>,REYATR_PCH_4C1F2,13984,32328
xca5<6>,xca5<6>,REYATR_PCH_4C1F2,18584,32328
xca5<7>,xca5<7>,REYATR_PCH_4C1F2,23184,32328
xca1<0>,xca1<0>,REYATR_PCH_4C5F0,184,36928
xca1<1>,xca1<1>,REYATR_PCH_4C5F0,4784,36928
xca1<2>,xca1<2>,REYATR_PCH_4C5F0,9384,36928
xca1<3>,xca1<3>,REYATR_PCH_4C5F0,13984,36928
xca1<4>,xca1<4>,REYATR_PCH_4C5F0,18584,36928
xca1<5>,xca1<5>,REYATR_PCH_4C5F0,23184,36928
xca1<6>,xca1<6>,REYATR_PCH_4C5F0,27784,36928
xca1<7>,xca1<7>,REYATR_PCH_4C5F0,32384,36928
xca2,xca2,REYATR_PCH_4C5F0,36984,36928
xca3<0>,xca3<0>,REYATR_PCH_4C5F0,41584,36928
xca3<1>,xca3<1>,REYATR_PCH_4C5F0,46184,36928
xca3<2>,xca3<2>,REYATR_PCH_4C5F0,50784,36928
xca3<3>,xca3<3>,REYATR_PCH_4C5F0,55384,36928
xcc<0>,xcc<0>,REYATR_PCH_4C5F0,184,41528
xcc<1>,xcc<1>,REYATR_PCH_4C5F0,4784,41528
xcc<2>,xcc<2>,REYATR_PCH_4C5F0,9384,41528
xcc<3>,xcc<3>,REYATR_PCH_4C5F0,13984,41528
xcc<4>,xcc<4>,REYATR_PCH_4C5F0,18584,41528
xfill_p_cc<0>,xfill_p_cc<0>,REYATR_PCH_4C5F0,23184,41528
xfill_p_cc<1>,xfill_p_cc<1>,REYATR_PCH_4C5F0,27784,41528
xfill_p_cc<2>,xfill_p_cc<2>,REYATR_PCH_4C5F0,32384,41528
xfill_p_cc<3>,xfill_p_cc<3>,REYATR_PCH_4C5F0,36984,41528
xfill_p_cc<4>,xfill_p_cc<4>,REYATR_PCH_4C5F0,41584,41528
xfill_p_cc<5>,xfill_p_cc<5>,REYATR_PCH_4C5F0,46184,41528
xfill_p_cc<6>,xfill_p_cc<6>,REYATR_PCH_4C5F0,50784,41528
xfill_p_cc<7>,xfill_p_cc<7>,REYATR_PCH_4C5F0,55384,41528
xad6__xd2<0>,xad6/xd2<0>,REYATR_RES_36C2F0,184,46128
xad6__xd2<1>,xad6/xd2<1>,REYATR_RES_36C2F0,4784,46128
xd3<0>,xd3<0>,REYATR_RES_36C2F0,9384,46128
xd3<1>,xd3<1>,REYATR_RES_36C2F0,13984,46128
xd3<2>,xd3<2>,REYATR_RES_36C2F0,18584,46128
xd3<3>,xd3<3>,REYATR_RES_36C2F0,23184,46128
xd3<4>,xd3<4>,REYATR_RES_36C2F0,27784,46128
xd3<5>,xd3<5>,REYATR_RES_36C2F0,32384,46128
xe1__XQ1,xe1/XQ1,sky130_fd_pr__rf_pnp_05v5_W3p40L3p40,0,50600
xe1__XQ2<0>,xe1/XQ2<0>,sky130_fd_pr__rf_pnp_05v5_W3p40L3p40,4600,50600
xe1__XQ2<1>,xe1/XQ2<1>,sky130_fd_pr__rf_pnp_05v5_W3p40L3p40,9200,50600
xe1__XQ2<2>,xe1/XQ2<2>,sky130_fd_pr__rf_pnp_05v5_W3p40L3p40,13800,50600
xe1__XQ2<3>,xe1/XQ2<3>,sky130_fd_pr__rf_pnp_05v5_W3p40L3p40,18400,50600
xe1__XQ2<4>,xe1/XQ2<4>,sky130_fd_pr__rf_pnp_05v5_W3p40L3p40,23000,50600
xe1__XQ2<5>,xe1/XQ2<5>,sky130_fd_pr__rf_pnp_05v5_W3p40L3p40,27600,50600
xe1__XQ2<6>,xe1/XQ2<6>,sky130_fd_pr__rf_pnp_05v5_W3p40L3p40,32200,50600
xe1__XQ2<7>,xe1/XQ2<7>,sky130_fd_pr__rf_pnp_05v5_W3p40L3p40,36800,50600
