view,corner,temperature_c,supply_v,status,current_0_a,current_1_a,current_2_a,current_3_a,voltage_v,settling_s,leakage_a,power_w,phase_margin_deg,unity_gain_hz
schematic,tt,-40,1.7,pass,9.34571978e-07,9.34278786e-07,9.3397371e-07,9.33655062e-07,0.845161007,5.3875021e-07,2.90507936493014e-09,4.241037957e-05,70.6476164428943,3838523.1147576664
schematic,tt,-40,1.8,pass,9.36273346e-07,9.36048529e-07,9.35816412e-07,9.35576041e-07,0.845204193,5.5270192e-07,2.8137030712974052e-09,5.228233326e-05,66.65656709447104,4947328.476039991
schematic,tt,-40,1.9,pass,9.37582171e-07,9.37394242e-07,9.37201161e-07,9.37002307e-07,0.845236023,5.0120706e-07,2.7450429478842316e-09,6.334689034e-05,64.89167382475512,6031818.280186332
schematic,tt,27,1.7,pass,1.18416406e-06,1.18392135e-06,1.18367001e-06,1.18340857e-06,0.7388316,4.5289713999999993e-07,3.883921611257485e-09,6.279176405999999e-05,63.44492641223553,5453226.414961093
schematic,tt,27,1.8,pass,1.18563487e-06,1.1854238e-06,1.18520622e-06,1.18498113e-06,0.738866609,4.3478838999999987e-07,3.741766652674651e-09,7.423281864e-05,59.54059021979143,6380907.904073613
schematic,tt,27,1.9,pass,1.18682723e-06,1.18663803e-06,1.18644368e-06,1.18624344e-06,0.73889481,3.9998297000000004e-07,3.7913342538722555e-09,8.675814238e-05,60.340998426860835,7339607.578347293
schematic,tt,125,1.7,pass,1.48721636e-06,1.48697505e-06,1.48672405e-06,1.48646119e-06,0.571717922,3.334878699999999e-07,2.820677433792415e-08,8.936527513e-05,54.46899238340131,7018602.899471243
schematic,tt,125,1.8,pass,1.48860756e-06,1.48838709e-06,1.48815882e-06,1.48792121e-06,0.571768828,3.0820758999999987e-07,4.677530767145709e-08,0.00010238666544,50.92021268295617,7732078.137324141
schematic,tt,125,1.9,pass,1.48999811e-06,1.48979417e-06,1.4895838e-06,1.48936585e-06,0.571837155,3.2073569000000003e-07,7.827192448602795e-08,0.00011640323343000001,53.31552799209276,8525612.507329457
schematic,ss,-40,1.7,pass,9.31981443e-07,9.31656647e-07,9.3131685e-07,9.30959729e-07,0.847461623,7.449671999999999e-07,3.1499797552694613e-09,3.6799122080000004e-05,75.03916695152812,2748781.7333708894
schematic,ss,-40,1.8,pass,9.34177691e-07,9.33958504e-07,9.33731542e-07,9.33495686e-07,0.847518994,6.4097418e-07,3.0762084450499e-09,4.600851948e-05,72.41138292932919,3766033.323462271
schematic,ss,-40,1.9,pass,9.3584526e-07,9.35672839e-07,9.35495376e-07,9.35312179e-07,0.847559609,6.0093986e-07,2.999781144550898e-09,5.6488122900000003e-05,68.66447846870928,4886286.302086778
schematic,ss,27,1.7,pass,1.18177572e-06,1.18154597e-06,1.18130684e-06,1.18105647e-06,0.742892563,5.251422799999999e-07,3.810845348662675e-09,5.680090541e-05,66.48914894599854,4516023.529209676
schematic,ss,27,1.8,pass,1.18352266e-06,1.18333012e-06,1.18313084e-06,1.1829236e-06,0.742934153,4.607930499999999e-07,3.7037995983832336e-09,6.773895234e-05,63.39226735642941,5385598.242145998
schematic,ss,27,1.9,pass,1.18491574e-06,1.1847471e-06,1.18457327e-06,1.18439339e-06,0.742966949,4.4656438000000006e-07,3.6752130403792413e-09,7.979573944e-05,63.162372871207346,6461415.848573853
schematic,ss,125,1.7,pass,1.48488983e-06,1.48466888e-06,1.48443672e-06,1.48419031e-06,0.578222948,3.7074913000000003e-07,1.5154589508582835e-08,8.339678848e-05,59.25896503680147,6311758.730901187
schematic,ss,125,1.8,pass,1.48628407e-06,1.48608606e-06,1.48587928e-06,1.48566165e-06,0.578263351,3.3932523999999995e-07,2.5028705821556887e-08,9.601855902e-05,53.72945226331669,6991113.196047396
schematic,ss,125,1.9,pass,1.48755067e-06,1.48737029e-06,1.48718287e-06,1.48698691e-06,0.578308478,3.443188799999999e-07,4.2535987924351296e-08,0.00010964680645,55.09251155322404,7831454.072862718
schematic,ff,-40,1.7,pass,9.35871016e-07,9.35573686e-07,9.35264791e-07,9.34942676e-07,0.842156433,4.867669999999999e-07,3.036065011317365e-09,4.837684441e-05,67.2661677924707,4845756.398604792
schematic,ff,-40,1.8,pass,9.37219456e-07,9.36972019e-07,9.3671657e-07,9.36452094e-07,0.842190249,4.7297903999999995e-07,2.835587601497006e-09,5.88221046e-05,61.773691194105375,6037346.150362647
schematic,ff,-40,1.9,pass,9.38278035e-07,9.38061831e-07,9.37839611e-07,9.37610651e-07,0.84221608,4.8669039e-07,2.684427488443114e-09,7.040319337000001e-05,57.78597781873642,7136661.158149746
schematic,ff,27,1.7,pass,1.18541078e-06,1.18513497e-06,1.18484933e-06,1.18455216e-06,0.734623372,4.3847598e-07,4.318065366047905e-09,6.891435842999999e-05,60.54102139718491,6264182.848474024
schematic,ff,27,1.8,pass,1.18666364e-06,1.18641714e-06,1.18616296e-06,1.18589994e-06,0.734653392,4.091892199999999e-07,4.473949009760479e-09,8.080796718e-05,56.031450116471376,7194919.2223195005
schematic,ff,27,1.9,pass,1.18769803e-06,1.18747315e-06,1.18724207e-06,1.1870039e-06,0.734678292,3.7600325e-07,5.099883327704591e-09,9.375605689e-05,56.54644435139957,8015605.617955015
schematic,ff,125,1.7,pass,1.48855928e-06,1.48827405e-06,1.48797732e-06,1.48766655e-06,0.565826493,3.1453265e-07,4.950841938403194e-08,9.529269641e-05,54.466766475188734,7590595.754154188
schematic,ff,125,1.8,pass,1.49005162e-06,1.48978831e-06,1.48951566e-06,1.48923186e-06,0.565899625,3.2478038000000003e-07,8.085474838183633e-08,0.00010868358222000001,50.27831409849825,8215826.862847145
schematic,ff,125,1.9,pass,1.49171236e-06,1.49146682e-06,1.49121351e-06,1.49095112e-06,0.566008351,3.0673101e-07,1.3285106538922154e-07,0.00012306348621,46.81710873434434,8873597.828497265
schematic,sf,-40,1.7,pass,9.31866849e-07,9.31496136e-07,9.31107386e-07,9.30697921e-07,0.84509465,8.489940099999999e-07,3.2396487294211576e-09,3.464592877e-05,78.28984014728607,2365504.19324057
schematic,sf,-40,1.8,pass,9.34228562e-07,9.34002853e-07,9.33768939e-07,9.33525697e-07,0.845158929,7.049296299999999e-07,3.159435324271457e-09,4.36073886e-05,71.67494577411529,3508973.387075321
schematic,sf,-40,1.9,pass,9.36058981e-07,9.35889443e-07,9.35714917e-07,9.35534744e-07,0.845203897,6.3484962e-07,3.0789031686027944e-09,5.389797545e-05,66.907253260269,4639599.485002039
schematic,sf,27,1.7,pass,1.18222801e-06,1.18200568e-06,1.1817745e-06,1.1815328e-06,0.738788919,5.447443199999999e-07,3.877504116347306e-09,5.471722288999999e-05,68.72709596370784,4241174.09382531
schematic,sf,27,1.8,pass,1.18409961e-06,1.18391763e-06,1.18372948e-06,1.18353407e-06,0.738833511,4.7466034e-07,3.7819545603592816e-09,6.552887346000001e-05,64.78859300962516,5175042.46253959
schematic,sf,27,1.9,pass,1.18558785e-06,1.18543046e-06,1.18526837e-06,1.18510085e-06,0.738868494,4.5233566000000007e-07,3.7226739783632733e-09,7.748914456999999e-05,59.782282234799844,6146540.973077804
schematic,sf,125,1.7,pass,1.48595301e-06,1.48575282e-06,1.48554332e-06,1.4853222e-06,0.571677443,3.7351244999999995e-07,1.2499011633532935e-08,8.167642452e-05,60.24166769822618,6369274.06884892
schematic,sf,125,1.8,pass,1.48739182e-06,1.48721312e-06,1.48702713e-06,1.48683222e-06,0.571716927,3.4112074000000006e-07,2.0417882399600796e-08,9.425492226e-05,54.29738761751087,6960313.491550684
schematic,sf,125,1.9,pass,1.48866836e-06,1.48850593e-06,1.48833761e-06,1.48816223e-06,0.571758234,3.440642399999999e-07,3.489635256566866e-08,0.00010785903393999999,55.55274268798325,7952207.724885778
schematic,fs,-40,1.7,pass,9.36973115e-07,9.36664268e-07,9.36343408e-07,9.36008745e-07,0.845212744,4.3081985e-07,3.270351829720559e-09,5.075632659e-05,69.17521219552103,5179472.332604398
schematic,fs,-40,1.8,pass,9.38172334e-07,9.37908887e-07,9.37636803e-07,9.37354932e-07,0.845242925,4.1874668000000004e-07,3.0740248707185628e-09,6.134136696e-05,64.62949777561487,6199679.155881715
schematic,fs,-40,1.9,pass,9.39119734e-07,9.38886289e-07,9.38646185e-07,9.38398614e-07,0.845266222,4.385988299999999e-07,2.891372781217565e-09,7.302965741999998e-05,61.77391454337747,7284507.726397025
schematic,fs,27,1.7,pass,1.18611558e-06,1.18581383e-06,1.18550081e-06,1.18517446e-06,0.738872433,3.8645546000000003e-07,4.444373235588823e-09,7.104553792999999e-05,60.603829515675756,6422341.661404729
schematic,fs,27,1.8,pass,1.18726984e-06,1.18699806e-06,1.18671741e-06,1.18642643e-06,0.738900356,3.871695e-07,4.7678033712974054e-09,8.301360582e-05,60.030525506970974,7241803.787208244
schematic,fs,27,1.9,pass,1.18822811e-06,1.18797898e-06,1.18772264e-06,1.18745802e-06,0.738923815,3.559890999999999e-07,5.733108694071856e-09,9.601295897e-05,56.16696805820713,8053157.992780936
schematic,fs,125,1.7,pass,1.48885355e-06,1.48852948e-06,1.48819103e-06,1.48783468e-06,0.571789321,3.2257434e-07,5.8490533725548905e-08,9.68430908e-05,53.641599483367166,7499126.521010377
schematic,fs,125,1.8,pass,1.49039915e-06,1.49010009e-06,1.48978942e-06,1.48946468e-06,0.571872805,2.9331407e-07,9.55195041013972e-08,0.00011025466884,51.040688337791025,8150126.960638646
schematic,fs,125,1.9,pass,1.49218736e-06,1.4919086e-06,1.49162027e-06,1.49132058e-06,0.572000451,3.0416729999999995e-07,1.5638861293812375e-07,0.00012464353285999999,48.096216882335035,8799549.159005217
rc,tt,-40,1.7,pass,9.08806582e-07,9.08539908e-07,9.08262802e-07,9.07973814e-07,0.844754021,6.195395699999999e-07,3.534601553532934e-09,4.145559531e-05,72.46675058997404,2913118.245435014
rc,tt,-40,1.8,pass,9.0975093e-07,9.09545581e-07,9.09333772e-07,9.09114699e-07,0.844784988,5.9291802e-07,3.4589584218962075e-09,5.11613667e-05,66.58047284749075,3837533.5200502025
rc,tt,-40,1.9,pass,9.10253048e-07,9.10081085e-07,9.09904536e-07,9.09722861e-07,0.844801432,5.9472725e-07,3.390122492195609e-09,6.207283412999999e-05,61.882763363047665,4722537.828301559
rc,tt,27,1.7,pass,1.15141653e-06,1.15119368e-06,1.15096304e-06,1.15072326e-06,0.738297008,6.6108515e-07,4.3540994541317365e-09,6.150977145e-05,63.8026445166052,4214475.384124807
rc,tt,27,1.8,pass,1.15210288e-06,1.15190876e-06,1.15170875e-06,1.1515019e-06,0.738316808,6.4831997e-07,4.3614732052095815e-09,7.279871076e-05,59.9204130429233,4928112.297957886
rc,tt,27,1.9,pass,1.15249034e-06,1.15231632e-06,1.15213759e-06,1.15195348e-06,0.73832852,6.1477582e-07,4.546340958502994e-09,8.518752505e-05,61.1870231932714,5784092.183721332
rc,tt,125,1.7,pass,1.44758692e-06,1.44736347e-06,1.44713092e-06,1.44688716e-06,0.571015,4.4457154000000004e-07,2.8473410959680638e-08,8.780855368e-05,57.330070023991496,5410294.978590894
rc,tt,125,1.8,pass,1.44827168e-06,1.44806768e-06,1.44785632e-06,1.44763615e-06,0.571051496,4.041080599999999e-07,4.695394297425149e-08,0.00010070382168,52.384006544460384,5955679.967728324
rc,tt,125,1.9,pass,1.44895038e-06,1.44876188e-06,1.44856735e-06,1.44836564e-06,0.571105757,4.1242775999999997e-07,7.837820304171656e-08,0.00011461018424,55.17214339418503,6917939.180957554
rc,ss,-40,1.7,pass,9.06965252e-07,9.06669478e-07,9.0636043e-07,9.06036075e-07,0.847073274,7.776449999999999e-07,3.859120903213573e-09,3.594785558e-05,76.60318685873366,2084308.7194460058
rc,ss,-40,1.8,pass,9.0849352e-07,9.08292542e-07,9.08084618e-07,9.07868768e-07,0.847124084,7.5913326e-07,3.768199963872256e-09,4.498166376e-05,70.79588358475087,2960628.102811293
rc,ss,-40,1.9,pass,9.09407047e-07,9.09248405e-07,9.09085247e-07,9.08916884e-07,0.847151815,7.9486993e-07,3.691893714211577e-09,5.528791684e-05,69.0971548023579,3797451.9589052065
rc,ss,27,1.7,pass,1.14981827e-06,1.14960674e-06,1.14938666e-06,1.14915635e-06,0.742381656,7.992014499999999e-07,4.684933754211577e-09,5.5594031719999996e-05,67.4867815392216,3468854.8575522504
rc,ss,27,1.8,pass,1.15082641e-06,1.15064862e-06,1.15046466e-06,1.15027338e-06,0.742410072,7.2875238e-07,4.6326143799201596e-09,6.636368034e-05,62.73348526744407,4207493.736135508
rc,ss,27,1.9,pass,1.15145511e-06,1.15129927e-06,1.15113864e-06,1.15097241e-06,0.742427874,7.036121e-07,4.621706390239521e-09,7.826217078e-05,63.051525689590854,4858654.9516212605
rc,ss,125,1.7,pass,1.44587767e-06,1.44567268e-06,1.44545711e-06,1.44522796e-06,0.57754048,5.046706500000001e-07,1.5916653168463072e-08,8.186940392999999e-05,59.19645876063937,4842162.211007975
rc,ss,125,1.8,pass,1.44658463e-06,1.44640097e-06,1.44620903e-06,1.44600671e-06,0.57756691,4.565323099999999e-07,2.5656985184630737e-08,9.434661084e-05,55.45252200191161,5381543.472029671
rc,ss,125,1.9,pass,1.44715624e-06,1.44698907e-06,1.44681526e-06,1.44663327e-06,0.577597728,4.1408288999999996e-07,4.315909728762475e-08,0.00010784265765,51.24505119415171,5938564.747319264
rc,ff,-40,1.7,pass,9.09372804e-07,9.09101534e-07,9.08820107e-07,9.08527086e-07,0.841734357,5.193634099999999e-07,3.2412799781836327e-09,4.7333649269999996e-05,69.31635108021301,3766602.465051219
rc,ff,-40,1.8,pass,9.09902857e-07,9.09676722e-07,9.0944354e-07,9.09202381e-07,0.841752678,5.310663299999999e-07,3.171698094251497e-09,5.763133386000001e-05,63.28259182261559,4619601.220197751
rc,ff,-40,1.9,pass,9.10110812e-07,9.09913219e-07,9.09710291e-07,9.09501397e-07,0.841761269,5.348058100000001e-07,3.1141852418163673e-09,6.90858962e-05,58.53035553612052,5493071.2076244755
rc,ff,27,1.7,pass,1.15189654e-06,1.15164319e-06,1.15138093e-06,1.15110826e-06,0.734070821,5.674551699999999e-07,4.367263710618762e-09,6.757695890999999e-05,60.92718631678304,4846347.536829302
rc,ff,27,1.8,pass,1.15232495e-06,1.15209847e-06,1.15186503e-06,1.15162353e-06,0.734084005,5.859484399999999e-07,4.503738055409182e-09,7.933858848e-05,56.66779373009559,5558420.820720714
rc,ff,27,1.9,pass,1.15251955e-06,1.1523131e-06,1.152101e-06,1.15188243e-06,0.734091196,5.489596399999999e-07,5.101179999660679e-09,9.21750971e-05,53.143514981986606,6230346.063425369
rc,ff,125,1.7,pass,1.44831154e-06,1.44804748e-06,1.44777266e-06,1.44748451e-06,0.565108731,4.063672699999999e-07,5.024597981896208e-08,9.372311327e-05,54.21133001309618,5846978.028259178
rc,ff,125,1.8,pass,1.44907714e-06,1.44883368e-06,1.44858147e-06,1.44831871e-06,0.565167594,4.145689099999999e-07,8.144450670678643e-08,0.00010700764254000001,50.147013826988825,6378952.686108064
rc,ff,125,1.9,pass,1.45001048e-06,1.44978381e-06,1.44954986e-06,1.44930731e-06,0.56526332,3.8989118000000005e-07,1.3326486014171654e-07,0.00012130038177999998,47.20129945620485,6888725.11475533
rc,sf,-40,1.7,pass,9.0689138e-07,9.06555767e-07,9.0620428e-07,9.05834601e-07,0.844693129,9.057025700000001e-07,3.967266944011977e-09,3.383484806e-05,78.2182636492179,1827225.2374303006
rc,sf,-40,1.8,pass,9.08624693e-07,9.08418553e-07,9.08205157e-07,9.07983475e-07,0.84475542,8.228749200000001e-07,3.879667235648702e-09,4.262202666e-05,72.49923624239342,2697428.0441751643
rc,sf,-40,1.9,pass,9.09697759e-07,9.09542172e-07,9.09382106e-07,9.0921699e-07,0.844788472,9.3696881e-07,3.795125686706587e-09,5.273608612e-05,67.4694549969488,3579993.7756381314
rc,sf,27,1.7,pass,1.15032863e-06,1.15012472e-06,1.14991284e-06,1.14969144e-06,0.738269858,8.5522479e-07,4.80062322754491e-09,5.3545765640000005e-05,68.94029322229179,3289917.9374853843
rc,sf,27,1.8,pass,1.15146002e-06,1.15129241e-06,1.15111917e-06,1.15093929e-06,0.738301852,7.729059799999999e-07,4.740939591996008e-09,6.418938996e-05,63.97808595537923,4050695.550669914
rc,sf,27,1.9,pass,1.15217799e-06,1.15203277e-06,1.15188326e-06,1.15172872e-06,0.738321995,6.9277218e-07,4.701978583173653e-09,7.599233274e-05,64.41669566733947,4895373.3699371945
rc,sf,125,1.7,pass,1.44697307e-06,1.44678779e-06,1.44659379e-06,1.44638878e-06,0.570987763,5.127073e-07,1.3508201496207584e-08,8.018432873999999e-05,59.926445110489134,4822758.233610244
rc,sf,125,1.8,pass,1.44772335e-06,1.44755791e-06,1.44738559e-06,1.44720483e-06,0.5710133,4.6250345999999986e-07,2.121830159441118e-08,9.262341054e-05,55.446745307932986,5384056.9643172985
rc,sf,125,1.9,pass,1.44830264e-06,1.44815234e-06,1.44799649e-06,1.44783392e-06,0.571040129,4.179179299999999e-07,3.566676477045908e-08,0.00010610247139999999,51.46703011528341,5957277.518793894
rc,fs,-40,1.7,pass,9.10275105e-07,9.09992112e-07,9.09698508e-07,9.09392696e-07,0.844790522,4.811897099999999e-07,3.1860861886227545e-09,4.967698826e-05,68.82566399562397,3962877.5681407037
rc,fs,-40,1.8,pass,9.10656648e-07,9.10415125e-07,9.10165958e-07,9.09908069e-07,0.844804725,4.9279107e-07,3.095520165568862e-09,6.011723358e-05,63.092452320359875,4810149.418650277
rc,fs,-40,1.9,pass,9.10759427e-07,9.10545563e-07,9.10325785e-07,9.10099323e-07,0.844810659,4.906671599999999e-07,3.036009322814371e-09,7.168099771e-05,58.6701307073211,5650228.025854514
rc,fs,27,1.7,pass,1.15240204e-06,1.15212412e-06,1.15183597e-06,1.15153567e-06,0.738318637,5.316271399999999e-07,4.579644341497006e-09,6.967171999e-05,60.86116130223154,4952284.82942934
rc,fs,27,1.8,pass,1.1527345e-06,1.15248432e-06,1.15222605e-06,1.15195834e-06,0.738329588,5.5976542e-07,4.81773456241517e-09,8.150477778e-05,57.19616267532294,5627411.356001689
rc,fs,27,1.9,pass,1.15285764e-06,1.1526286e-06,1.15239298e-06,1.15214976e-06,0.738335331,5.3082274e-07,5.674614315209581e-09,9.438755191e-05,53.90810150353845,6274059.53944696
rc,fs,125,1.7,pass,1.44837133e-06,1.44807094e-06,1.44775695e-06,1.44742592e-06,0.571068531,4.1843748999999993e-07,5.941435908762475e-08,9.521878397999999e-05,55.86747620822559,5763844.749037714
rc,fs,125,1.8,pass,1.44919494e-06,1.44891814e-06,1.44863042e-06,1.44832931e-06,0.571138281,3.8052546000000003e-07,9.634601726167664e-08,0.00010851382476,52.310304343049175,6268978.286952752
rc,fs,125,1.9,pass,1.45026327e-06,1.45000575e-06,1.44973921e-06,1.44946192e-06,0.571253892,3.8996869e-07,1.570681334510978e-07,0.00012280292856999998,49.02453260906174,6777179.883242134
